Baked Baby Back Ribs,Ground Black Pepper
Baked Baby Back Ribs,Ground Cayenne Pepper
Baked Baby Back Ribs,Oven
Baked Baby Back Ribs,Salt
Baked Lemon Pepper Salmon,Ground Black Pepper
Baked Lemon Pepper Salmon,Ground Cayenne Pepper
Baked Lemon Pepper Salmon,Oven
Baked Lemon Pepper Salmon,Salt
Cherry Chocolate Chunk Cookies,Oven
Cherry Chocolate Chunk Cookies,Salt
Chicken Piccata,Ground Black Pepper
Chicken Piccata,Ground Cayenne Pepper
Chicken Piccata,Salt
Chicken Piccata,Stove
Cranberry and Cilantro Quinoa Salad,Ground Black Pepper
Cranberry and Cilantro Quinoa Salad,Refrigerator
Cranberry and Cilantro Quinoa Salad,Salt
Cranberry and Cilantro Quinoa Salad,Stove
Cranberry and Cilantro Quinoa Salad,Tap Water
Garlic Bread,Oven
Key Lime Pie,Refrigerator
Sloppy Joe,Ground Black Pepper
Sloppy Joe,Ground Cayenne Pepper
Sloppy Joe,Salt
Sloppy Joe,Stove
Sloppy Joe,Tap Water
Tomato and Garlic Pasta,Ground Black Pepper
Tomato and Garlic Pasta,Salt
Tomato and Garlic Pasta,Stove
Tomato and Garlic Pasta,Tap Water
Turkey Chili,Ground Black Pepper
Turkey Chili,Ground Cayenne Pepper
Turkey Chili,Salt
Turkey Chili,Stove
Turkey Chili,Tap Water
